order_id,customer_id,product_id,order_date,quantity,payment_method,order_status
ORD1001,C111,P002,2024-05-20,1,UPI,Completed
ORD1002,C103,P002,2024-08-04,1,Credit Card,Completed
ORD1003,C102,P004,2024-09-15,2,Cash on Delivery,Completed
ORD1004,C109,P004,2024-04-22,4,Net Banking,Cancelled
ORD1005,C105,P001,2024-08-04,2,Debit Card,Completed
ORD1006,C103,P004,2024-02-22,3,Credit Card,Refunded
ORD1007,C102,P006,2024-05-15,3,Credit Card,Refunded
ORD1008,C109,P002,2024-02-10,4,Cash on Delivery,Completed
ORD1009,C111,P010,2024-04-08,3,Credit Card,Completed
ORD1010,C111,P004,2024-02-10,3,UPI,Completed
ORD1011,C107,P005,2024-07-05,4,UPI,Completed
ORD1012,C106,P004,2024-02-06,3,Cash on Delivery,Completed
ORD1013,C109,P004,2024-08-24,2,Net Banking,Completed
ORD1014,C111,P009,2024-06-15,2,Credit Card,Completed
ORD1015,C101,P006,2024-05-17,4,Credit Card,Completed
ORD1016,C110,P006,2024-09-12,2,Net Banking,Refunded
ORD1017,C103,P005,2024-05-06,2,Cash on Delivery,Cancelled
ORD1018,C105,P010,2024-07-23,4,Debit Card,Completed
ORD1019,C103,P009,2024-02-16,4,Credit Card,Completed
ORD1020,C103,P003,2024-02-02,4,Net Banking,Refunded
ORD1021,C110,P008,2024-01-06,3,Credit Card,Cancelled
ORD1022,C105,P006,2024-05-30,1,Net Banking,Completed
ORD1023,C108,P001,2024-09-13,3,UPI,Cancelled
ORD1024,C102,P005,2024-03-19,2,Debit Card,Completed
ORD1025,C109,P009,2024-06-14,1,Net Banking,Completed
ORD1026,C102,P006,2024-05-02,3,Credit Card,Completed
ORD1027,C110,P002,2024-09-05,1,Credit Card,Cancelled
ORD1028,C103,P003,2024-03-25,4,Debit Card,Cancelled
ORD1029,C110,P007,2024-04-12,2,Debit Card,Refunded
ORD1030,C111,P006,2024-09-21,4,Net Banking,Completed
ORD1031,C104,P004,2024-06-22,1,Credit Card,Cancelled
ORD1032,C109,P004,2024-01-04,2,Credit Card,Completed
ORD1033,C104,P002,2024-06-18,1,Credit Card,Cancelled
ORD1034,C104,P005,2024-04-19,4,Cash on Delivery,Completed
ORD1035,C112,P010,2024-05-04,4,Net Banking,Refunded
ORD1036,C104,P002,2024-08-08,1,Debit Card,Refunded
ORD1037,C107,P008,2024-02-20,1,Credit Card,Refunded
ORD1038,C112,P006,2024-05-07,1,UPI,Completed
ORD1039,C109,P008,2024-08-04,2,UPI,Completed
ORD1040,C108,P004,2024-08-14,1,Cash on Delivery,Completed
ORD1041,C101,P009,2024-02-17,1,UPI,Completed
ORD1042,C107,P008,2024-04-19,4,Net Banking,Completed
ORD1043,C103,P007,2024-07-18,1,Debit Card,Refunded
ORD1044,C105,P007,2024-03-20,4,UPI,Completed
ORD1045,C104,P001,2024-06-09,1,Credit Card,Completed
ORD1046,C110,P008,2024-01-30,2,Cash on Delivery,Completed
ORD1047,C103,P002,2024-04-30,1,Net Banking,Completed
ORD1048,C110,P004,2024-02-11,1,Net Banking,Cancelled
ORD1049,C110,P009,2024-05-13,3,UPI,Completed
ORD1050,C104,P005,2024-03-08,4,Debit Card,Refunded
ORD1051,C106,P002,2024-08-22,1,Cash on Delivery,Cancelled
ORD1052,C102,P002,2024-09-16,2,Debit Card,Completed
ORD1053,C106,P002,2024-07-08,2,Debit Card,Completed
ORD1054,C108,P009,2024-09-27,3,Credit Card,Cancelled
ORD1055,C105,P002,2024-05-15,2,Credit Card,Completed
ORD1056,C112,P009,2024-05-19,2,Debit Card,Cancelled
ORD1057,C104,P006,2024-05-15,2,Cash on Delivery,Refunded
ORD1058,C105,P001,2024-08-04,1,Debit Card,Completed
ORD1059,C101,P006,2024-05-14,2,UPI,Refunded
ORD1060,C109,P007,2024-02-27,1,Credit Card,Completed
ORD1061,C109,P001,2024-03-16,3,Net Banking,Completed
ORD1062,C101,P005,2024-01-21,3,Debit Card,Completed
ORD1063,C111,P004,2024-06-30,1,Cash on Delivery,Refunded
ORD1064,C110,P003,2024-03-24,2,UPI,Refunded
ORD1065,C101,P003,2024-07-29,3,UPI,Completed
ORD1066,C103,P002,2024-01-20,4,Net Banking,Completed
ORD1067,C104,P008,2024-06-05,3,UPI,Completed
ORD1068,C101,P004,2024-06-17,4,Debit Card,Completed
ORD1069,C105,P006,2024-10-01,4,Debit Card,Completed
ORD1070,C102,P005,2024-05-15,2,Credit Card,Completed
ORD1071,C110,P007,2024-06-09,3,Net Banking,Cancelled
ORD1072,C109,P002,2024-04-07,4,Debit Card,Completed
ORD1073,C112,P007,2024-09-23,1,Cash on Delivery,Completed
ORD1074,C106,P007,2024-06-18,1,Cash on Delivery,Completed
ORD1075,C111,P002,2024-09-16,3,Debit Card,Refunded
ORD1076,C106,P007,2024-03-06,3,UPI,Refunded
ORD1077,C111,P007,2024-06-03,2,Net Banking,Cancelled
ORD1078,C101,P005,2024-04-17,3,Net Banking,Cancelled
ORD1079,C110,P006,2024-08-14,4,Net Banking,Completed
ORD1080,C109,P008,2024-02-13,2,Debit Card,Cancelled
ORD1081,C111,P010,2024-02-17,3,UPI,Completed
ORD1082,C104,P004,2024-01-13,2,Credit Card,Completed
ORD1083,C108,P010,2024-08-21,1,Net Banking,Cancelled
ORD1084,C104,P007,2024-07-23,4,UPI,Completed
ORD1085,C111,P001,2024-08-05,1,UPI,Completed
ORD1086,C112,P009,2024-01-26,4,Cash on Delivery,Completed
ORD1087,C102,P008,2024-08-25,2,Cash on Delivery,Cancelled
ORD1088,C110,P006,2024-09-15,4,Net Banking,Cancelled
ORD1089,C108,P003,2024-08-18,4,Debit Card,Completed
ORD1090,C111,P005,2024-05-02,4,Debit Card,Refunded
ORD1091,C102,P005,2024-05-19,2,Debit Card,Completed
ORD1092,C109,P002,2024-03-18,2,UPI,Refunded
ORD1093,C112,P003,2024-02-02,2,Net Banking,Refunded
ORD1094,C106,P009,2024-07-31,4,Credit Card,Completed
ORD1095,C107,P007,2024-07-13,1,Net Banking,Completed
ORD1096,C106,P005,2024-08-02,4,Cash on Delivery,Cancelled
ORD1097,C110,P004,2024-04-22,4,Debit Card,Refunded
ORD1098,C108,P001,2024-06-21,4,Net Banking,Completed
ORD1099,C108,P003,2024-07-20,1,Cash on Delivery,Cancelled
ORD1100,C111,P001,2024-08-07,1,UPI,Refunded
ORD1101,C103,P001,2024-07-13,3,Debit Card,Completed
ORD1102,C108,P006,2024-07-13,3,Debit Card,Refunded
ORD1103,C105,P002,2024-01-10,4,Cash on Delivery,Completed
ORD1104,C106,P004,2024-01-21,1,Credit Card,Completed
ORD1105,C104,P001,2024-05-02,2,UPI,Refunded
ORD1106,C111,P002,2024-08-26,2,Debit Card,Completed
ORD1107,C103,P010,2024-03-24,1,Debit Card,Completed
ORD1108,C110,P001,2024-07-11,3,Net Banking,Completed
ORD1109,C102,P010,2024-02-22,2,Debit Card,Cancelled
ORD1110,C102,P010,2024-06-26,1,Cash on Delivery,Refunded
ORD1111,C111,P006,2024-09-16,1,Debit Card,Completed
ORD1112,C107,P008,2024-08-09,1,Debit Card,Refunded
ORD1113,C112,P003,2024-03-31,4,Cash on Delivery,Completed
ORD1114,C110,P009,2024-08-26,4,Net Banking,Cancelled
ORD1115,C105,P006,2024-02-14,2,Debit Card,Refunded
ORD1116,C104,P008,2024-06-21,4,Credit Card,Refunded
ORD1117,C106,P003,2024-04-18,4,Debit Card,Completed
ORD1118,C106,P005,2024-01-06,3,Cash on Delivery,Completed
ORD1119,C102,P004,2024-09-07,4,Cash on Delivery,Completed
ORD1120,C112,P008,2024-08-17,4,Credit Card,Completed
