product_id,product_name,category,unit_cost,unit_price
P001,Ultra Slim Laptop,Electronics,45000,58000
P002,Wireless Noise Cancelling Headphones,Electronics,4500,7999
P003,Ergonomic Office Chair,Furniture,6000,9500
P004,Stainless Steel Water Bottle,Home & Kitchen,300,699
P005,Mechanical Keyboard RGB,Electronics,2200,3800
P006,Adjustable Standing Desk,Furniture,12000,18500
P007,Smart Fitness Watch,Electronics,3100,4999
P008,Cotton Bedspread Set,Home & Kitchen,900,1899
P009,Portable Bluetooth Speaker,Electronics,1500,2499
P010,Non-Stick Cookware Set,Home & Kitchen,2200,3999
